INSERT INTO COLOR (id, name, hex_code) VALUES (1, 'orange', '#fb4f14');
INSERT INTO COLOR (id, name, hex_code) VALUES (2, 'black', '#000000');
INSERT INTO COLOR (id, name, hex_code) VALUES (3, 'white', '#ffffff');
INSERT INTO COLOR (id, name, hex_code) VALUES (4, 'red', '#c8102e');
INSERT INTO COLOR (id, name, hex_code) VALUES (5, 'dark blue', '#092067');
INSERT INTO COLOR (id, name, hex_code) VALUES (6, 'purple', '#241773');
INSERT INTO COLOR (id, name, hex_code) VALUES (7, 'metallic gold', '#9e7c0c');
INSERT INTO COLOR (id, name, hex_code) VALUES (8, 'gold', '#ffb612');
INSERT INTO COLOR (id, name, hex_code) VALUES (9, 'brown', '#311d00');
INSERT INTO COLOR (id, name, hex_code) VALUES (10, 'dark gold', '#9f792c');
INSERT INTO COLOR (id, name, hex_code) VALUES (11, 'teal', '#006778');
INSERT INTO COLOR (id, name, hex_code) VALUES (12, 'navy blue', '#0c2340');
INSERT INTO COLOR (id, name, hex_code) VALUES (13, 'titans blue', '#4b92db');
INSERT INTO COLOR (id, name, hex_code) VALUES (14, 'silver', '#8a8d8f');
INSERT INTO COLOR (id, name, hex_code) VALUES (15, 'speed blue', '#002c5f');
INSERT INTO COLOR (id, name, hex_code) VALUES (16, 'facemask gray', '#a2aaad');
INSERT INTO COLOR (id, name, hex_code) VALUES (17, 'deep steel blue', '#03202F');
INSERT INTO COLOR (id, name, hex_code) VALUES (18, 'battle red', '#A71930');
INSERT INTO COLOR (id, name, hex_code) VALUES (19, 'royal blue', '#00338D');
INSERT INTO COLOR (id, name, hex_code) VALUES (20, 'aqua', '#008E97');
INSERT INTO COLOR (id, name, hex_code) VALUES (21, 'marine blue', '#005778');
INSERT INTO COLOR (id, name, hex_code) VALUES (22, 'nautical blue', '#002244');
INSERT INTO COLOR (id, name, hex_code) VALUES (23, 'new century silver', '#B0B7BC');
INSERT INTO COLOR (id, name, hex_code) VALUES (24, 'gotham green', '#125740');
INSERT INTO COLOR (id, name, hex_code) VALUES (25, 'powder blue', '#0080C6');
INSERT INTO COLOR (id, name, hex_code) VALUES (26, 'sunshine gold', '#FFC20E');
INSERT INTO COLOR (id, name, hex_code) VALUES (27, 'dark green', '#203731');
INSERT INTO COLOR (id, name, hex_code) VALUES (28, 'honolulu blue', '#0076B6');
INSERT INTO COLOR (id, name, hex_code) VALUES (29, 'burnt orange', '#FF7900');
INSERT INTO COLOR (id, name, hex_code) VALUES (30, 'buccaneer red', '#D50A0A');
INSERT INTO COLOR (id, name, hex_code) VALUES (31, 'pewter', '#34302B');
INSERT INTO COLOR (id, name, hex_code) VALUES (32, 'panther blue', '#0085CA');
INSERT INTO COLOR (id, name, hex_code) VALUES (33, 'old gold', '#D3BC8D');
INSERT INTO COLOR (id, name, hex_code) VALUES (34, 'midnight green', '#004C54');
INSERT INTO COLOR (id, name, hex_code) VALUES (35, 'metallic silver', '#A5ACAF');
INSERT INTO COLOR (id, name, hex_code) VALUES (36, 'burgundy', '#5A1414');
INSERT INTO COLOR (id, name, hex_code) VALUES (37, 'college navy', '002244');
INSERT INTO COLOR (id, name, hex_code) VALUES (38, 'action green', '#69BE28');
INSERT INTO COLOR (id, name, hex_code) VALUES (40, 'cardinal red', '#97233F');

INSERT INTO STADIUM(id, name) VALUES (1, 'Nippert Stadium');
INSERT INTO STADIUM(id, name) VALUES (2, 'Riverfront Stadium');
INSERT INTO STADIUM(id, name) VALUES (3, 'Paycor Stadium');
INSERT INTO STADIUM(id, name) VALUES (4, 'Memorial Stadium');
INSERT INTO STADIUM(id, name) VALUES (5, 'M&T Bank Stadium');
INSERT INTO STADIUM(id, name) VALUES (6, 'Forbes Field');
INSERT INTO STADIUM(id, name) VALUES (7, 'Pitt Stadium');
INSERT INTO STADIUM(id, name) VALUES (8, 'Three Rivers Stadium');
INSERT INTO STADIUM(id, name) VALUES (9, 'Acrisure Stadium');
INSERT INTO STADIUM(id, name) VALUES (10, 'Cleveland Stadium');
INSERT INTO STADIUM(id, name) VALUES (11, 'FirstEnergy Stadium');
INSERT INTO STADIUM (id, name) VALUES (12, 'TIAA Bank Field');
INSERT INTO STADIUM (id, name) VALUES (13, 'Nissan Stadium');
INSERT INTO STADIUM (id, name) VALUES (14, 'RCA Dome');
INSERT INTO STADIUM (id, name) VALUES (15, 'Lucas Oil Stadium');
INSERT INTO STADIUM (id, name) VALUES (16, 'NRG Stadium');
INSERT INTO STADIUM (id, name) VALUES (17, 'War Memorial Stadium');
INSERT INTO STADIUM (id, name) VALUES (18, 'Highmark Stadium');
INSERT INTO STADIUM (id, name) VALUES (19, 'Miami Orange Bowl');
INSERT INTO STADIUM (id, name) VALUES (20, 'Hard Rock Stadium');
INSERT INTO STADIUM (id, name) VALUES (21, 'Nickerson Field');
INSERT INTO STADIUM (id, name) VALUES (22, 'Fenway Park');
INSERT INTO STADIUM (id, name) VALUES (23, 'Alumni Stadium');
INSERT INTO STADIUM (id, name) VALUES (24, 'Harvard Stadium');
INSERT INTO STADIUM (id, name) VALUES (25, 'Foxboro Stadium');
INSERT INTO STADIUM (id, name) VALUES (26, 'Gillette Stadium');
INSERT INTO STADIUM (id, name) VALUES (27, 'Polo Grounds');
INSERT INTO STADIUM (id, name) VALUES (28, 'Shea Stadium');
INSERT INTO STADIUM (id, name) VALUES (29, 'Giants Stadium');
INSERT INTO STADIUM (id, name) VALUES (30, 'MetLife Stadium');
INSERT INTO STADIUM (id, name) VALUES (31, 'Cotton Bowl');
INSERT INTO STADIUM (id, name) VALUES (32, 'Municipal Stadium');
INSERT INTO STADIUM (id, name) VALUES (33, 'Arrowhead Stadium');
INSERT INTO STADIUM (id, name) VALUES (34, 'Los Angeles Memorial Coliseum');
INSERT INTO STADIUM (id, name) VALUES (35, 'Balboa Stadium');
INSERT INTO STADIUM (id, name) VALUES (36, 'Qualcomm Stadium');
INSERT INTO STADIUM (id, name) VALUES (37, 'Sun Devil Stadium');
INSERT INTO STADIUM (id, name) VALUES (38, 'Dignity Health Sports Pack');
INSERT INTO STADIUM (id, name) VALUES (39, 'SoFi Stadium');
INSERT INTO STADIUM (id, name) VALUES (40, 'Kezar Stadium');
INSERT INTO STADIUM (id, name) VALUES (41, 'Candlestick Park');
INSERT INTO STADIUM (id, name) VALUES (42, 'Frank Youell Field');
INSERT INTO STADIUM (id, name) VALUES (43, 'Oakland Coliseum');
INSERT INTO STADIUM (id, name) VALUES (44, 'Allegiant Stadium');
INSERT INTO STADIUM (id, name) VALUES (45, 'Hilltop Stadium');
INSERT INTO STADIUM (id, name) VALUES (46, 'Mile High Stadium');
INSERT INTO STADIUM (id, name) VALUES (47, 'Empower Field at Mile High');
INSERT INTO STADIUM (id, name) VALUES (48, 'Metropolitan Stadium');
INSERT INTO STADIUM (id, name) VALUES (49, 'Hubert H. Humphrey Metrodome');
INSERT INTO STADIUM (id, name) VALUES (50, 'TCF Bank Stadium');
INSERT INTO STADIUM (id, name) VALUES (51, 'U.S. Bank Stadium');
INSERT INTO STADIUM (id, name) VALUES (52, 'Hagemeister Park');
INSERT INTO STADIUM (id, name) VALUES (53, 'Bellevue Park');
INSERT INTO STADIUM (id, name) VALUES (54, 'City Stadium');
INSERT INTO STADIUM (id, name) VALUES (55, 'Borchert Field');
INSERT INTO STADIUM (id, name) VALUES (56, 'Wisconsin State Fair Park');
INSERT INTO STADIUM (id, name) VALUES (57, 'Marquette Stadium');
INSERT INTO STADIUM (id, name) VALUES (58, 'Milwaukee County Stadium');
INSERT INTO STADIUM (id, name) VALUES (59, 'Lambeau Field');
INSERT INTO STADIUM (id, name) VALUES (60, 'Universal Field');
INSERT INTO STADIUM (id, name) VALUES (61, 'University of Detroit Stadium');
INSERT INTO STADIUM (id, name) VALUES (62, 'Tiger Stadium');
INSERT INTO STADIUM (id, name) VALUES (63, 'Pontiac Silverdome');
INSERT INTO STADIUM (id, name) VALUES (64, 'Ford Field');
INSERT INTO STADIUM (id, name) VALUES (65, 'Staley Field');
INSERT INTO STADIUM (id, name) VALUES (66, 'Wrigley Field');
INSERT INTO STADIUM (id, name) VALUES (67, 'Soldier Field');
INSERT INTO STADIUM (id, name) VALUES (68, 'Tampa Stadium');
INSERT INTO STADIUM (id, name) VALUES (69, 'Raymond James Stadium');
INSERT INTO STADIUM (id, name) VALUES (70, 'Memorial Stadium');
INSERT INTO STADIUM (id, name) VALUES (71, 'Bank of America Stadium');
INSERT INTO STADIUM (id, name) VALUES (72, 'Tulane Stadium');
INSERT INTO STADIUM (id, name) VALUES (73, 'Superdome');
INSERT INTO STADIUM (id, name) VALUES (74, 'Atlanta-Fulton County Stadium');
INSERT INTO STADIUM (id, name) VALUES (75, 'Georgia Dome');
INSERT INTO STADIUM (id, name) VALUES (76, 'Mercedes-Benz Stadium');
INSERT INTO STADIUM (id, name) VALUES (77, 'Baker Bowl');
INSERT INTO STADIUM (id, name) VALUES (78, 'Philadelphia Municipal Stadium');
INSERT INTO STADIUM (id, name) VALUES (79, 'Shibe Park');
INSERT INTO STADIUM (id, name) VALUES (80, 'Franklin Field');
INSERT INTO STADIUM (id, name) VALUES (81, 'Veterans Stadium');
INSERT INTO STADIUM (id, name) VALUES (82, 'Lincoln Financial Field');
INSERT INTO STADIUM (id, name) VALUES (83, 'Texas Stadium');
INSERT INTO STADIUM (id, name) VALUES (84, 'AT&T Stadium');
INSERT INTO STADIUM (id, name) VALUES (85, 'Yankee Stadium');
INSERT INTO STADIUM (id, name) VALUES (86, 'Yale Bowl');
INSERT INTO STADIUM (id, name) VALUES (87, 'Giants Stadium');
INSERT INTO STADIUM (id, name) VALUES (88, 'Braves Field');
INSERT INTO STADIUM (id, name) VALUES (89, 'Griffith Stadium');
INSERT INTO STADIUM (id, name) VALUES (90, 'Robert F. Kennedy Memorial Stadium');
INSERT INTO STADIUM (id, name) VALUES (91, 'FedExField');
INSERT INTO STADIUM (id, name) VALUES (92, 'Kezar Stadium');
INSERT INTO STADIUM (id, name) VALUES (93, 'Levi''s Stadium');
INSERT INTO STADIUM (id, name) VALUES (94, 'Kingdome');
INSERT INTO STADIUM (id, name) VALUES (95, 'Husky Stadium');
INSERT INTO STADIUM (id, name) VALUES (96, 'Lumen Field');
INSERT INTO STADIUM (id, name) VALUES (97, 'League Park');
INSERT INTO STADIUM (id, name) VALUES (98, 'Shaw Stadium');
INSERT INTO STADIUM (id, name) VALUES (99, 'Anaheim Stadium');
INSERT INTO STADIUM (id, name) VALUES (100, 'Busch Memorial Stadium');
INSERT INTO STADIUM (id, name) VALUES (101, 'Edward Jones Dome');
INSERT INTO STADIUM (id, name) VALUES (102, 'Normal Park');
INSERT INTO STADIUM (id, name) VALUES (103, 'Comiskey Park');
INSERT INTO STADIUM (id, name) VALUES (104, 'Busch Stadium');
INSERT INTO STADIUM (id, name) VALUES (105, 'State Farm Stadium');

INSERT INTO HEAD_COACH (id, first_name, last_name, wins, losses, ties)
VALUES (1, 'Zac', 'Taylor', 33, 38, 1);
INSERT INTO HEAD_COACH (id, first_name, last_name, wins, losses, ties)
VALUES (2, 'John', 'Harbaugh', 116, 74, 0);
INSERT INTO HEAD_COACH (id, first_name, last_name, wins, losses, ties)
VALUES (3, 'Mike', 'Tomlin', 128, 80, 0);
INSERT INTO HEAD_COACH (id, first_name, last_name, wins, losses, ties)
VALUES (4, 'Kevin', 'Stefanski', 27, 25, 0);
INSERT INTO HEAD_COACH (id, first_name, last_name, wins, losses, ties)
VALUES (5, 'Doug', 'Pederson', 56, 48, 1);
INSERT INTO HEAD_COACH (id, first_name, last_name, wins, losses, ties)
VALUES (6, 'Mike', 'Vrabel', 50, 37, 0);
INSERT INTO HEAD_COACH (id, first_name, last_name, wins, losses, ties)
VALUES (7, 'Shane', 'Steichen', 0, 0, 0);
INSERT INTO HEAD_COACH (id, first_name, last_name, wins, losses, ties)
VALUES (8, 'DeMeco', 'Ryans', 0, 0, 0);
INSERT INTO HEAD_COACH (id, first_name, last_name, wins, losses, ties)
VALUES (9, 'Sean', 'McDermott', 66, 40, 0);
INSERT INTO HEAD_COACH (id, first_name, last_name, wins, losses, ties)
VALUES (10, 'Mike', 'McDaniel', 9, 8, 0);
INSERT INTO HEAD_COACH (id, first_name, last_name, wins, losses, ties)
VALUES (11, 'Bill', 'Belichick', 329, 165, 0);
INSERT INTO HEAD_COACH (id, first_name, last_name, wins, losses, ties)
VALUES (12, 'Robert', 'Saleh', 11, 23, 0);
INSERT INTO HEAD_COACH (id, first_name, last_name, wins, losses, ties)
VALUES (13, 'Andy', 'Reid', 268, 154, 1);
INSERT INTO HEAD_COACH (id, first_name, last_name, wins, losses, ties)
VALUES (14, 'Brandon', 'Staley', 19, 16, 0);
INSERT INTO HEAD_COACH (id, first_name, last_name, wins, losses, ties)
VALUES (15, 'Josh', 'McDaniel', 17, 28, 0);
INSERT INTO HEAD_COACH (id, first_name, last_name, wins, losses, ties)
VALUES (16, 'Sean', 'Payton', 161, 97, 0);
INSERT INTO HEAD_COACH (id, first_name, last_name, wins, losses, ties)
VALUES (17, 'Kevin', 'O''Connell', 13, 5, 0);
INSERT INTO HEAD_COACH (id, first_name, last_name, wins, losses, ties)
VALUES (18, 'Matt', 'LaFleur', 49, 22, 0);
INSERT INTO HEAD_COACH (id, first_name, last_name, wins, losses, ties)
VALUES (19, 'Dan', 'Campbell', 17, 28, 1);
INSERT INTO HEAD_COACH (id, first_name, last_name, wins, losses, ties)
VALUES (20, 'Matt', 'Eberflus', 3, 14, 0);
INSERT INTO HEAD_COACH (id, first_name, last_name, wins, losses, ties)
VALUES (21, 'Todd', 'Bowels', 34, 51, 0);
INSERT INTO HEAD_COACH (id, first_name, last_name, wins, losses, ties)
VALUES (22, 'Frank', 'Reich', 41, 35, 1);
INSERT INTO HEAD_COACH (id, first_name, last_name, wins, losses, ties)
VALUES (23, 'Dennis', 'Allen', 15, 38, 0);
INSERT INTO HEAD_COACH (id, first_name, last_name, wins, losses, ties)
VALUES (24, 'Arthur', 'Smith', 14, 20, 0);
INSERT INTO HEAD_COACH (id, first_name, last_name, wins, losses, ties)
VALUES (25, 'Nick', 'Sirianni', 25, 13, 0);
INSERT INTO HEAD_COACH (id, first_name, last_name, wins, losses, ties)
VALUES (26, 'Mike', 'McCarthy', 166, 107, 2);
INSERT INTO HEAD_COACH (id, first_name, last_name, wins, losses, ties)
VALUES (27, 'Brian', 'Daboll', 10, 8, 1);
INSERT INTO HEAD_COACH (id, first_name, last_name, wins, losses, ties)
VALUES (28, 'Ron', 'Rivera', 101, 95, 2);
INSERT INTO HEAD_COACH (id, first_name, last_name, wins, losses, ties)
VALUES (29, 'Kyle', 'Shanahan', 58, 49, 0);
INSERT INTO HEAD_COACH (id, first_name, last_name, wins, losses, ties)
VALUES (30, 'Pete', 'Carroll', 172, 123, 1);
INSERT INTO HEAD_COACH (id, first_name, last_name, wins, losses, ties)
VALUES (31, 'Sean', 'McVay', 67, 41, 0);
INSERT INTO HEAD_COACH (id, first_name, last_name, wins, losses, ties)
VALUES (32, 'Jonathon', 'Gannon', 0, 0, 0);

INSERT INTO LOCATION (id, city, state, state_code, zip_code)
VALUES (1, 'Cincinnati', 'Ohio', 'OH', '45202');
INSERT INTO LOCATION (id, city, state, state_code, zip_code)
VALUES (2, 'Baltimore', 'Maryland', 'MD', '21201');
INSERT INTO LOCATION (id, city, state, state_code, zip_code)
VALUES (3, 'Pittsburgh', 'Pennsylvania', 'PA', '15212');
INSERT INTO LOCATION (id, city, state, state_code, zip_code)
VALUES (4, 'Cleveland', 'Ohio', 'OH', '44114');
INSERT INTO LOCATION (id, city, state, state_code, zip_code)
VALUES (5, 'Jacksonville', 'Florida', 'FL', '32202');
INSERT INTO LOCATION (id, city, state, state_code, zip_code)
VALUES (6, 'Nashville', 'Tennessee', 'TN', '37213');
INSERT INTO LOCATION (id, city, state, state_code, zip_code)
VALUES (7, 'Indianapolis', 'Indiana', 'IN', '46225');
INSERT INTO LOCATION (id, city, state, state_code, zip_code)
VALUES (8, 'Houston', 'Texas', 'TX', '46225');
INSERT INTO LOCATION (id, city, state, state_code, zip_code)
VALUES (9, 'Buffalo', 'New York', 'NY', '14127');
INSERT INTO LOCATION (id, city, state, state_code, zip_code)
VALUES (10, 'Miami', 'Florida', 'FL', '33056');
INSERT INTO LOCATION (id, city, state, state_code, zip_code)
VALUES (11, 'New England', 'Massachusetts', 'MA', '02035');
INSERT INTO LOCATION (id, city, state, state_code, zip_code)
VALUES (12, 'New Jersey', 'East Rutherford', 'NJ', '07073');
INSERT INTO LOCATION (id, city, state, state_code, zip_code)
VALUES (13, 'Kansas City', 'Missouri', 'MO', '64192');
INSERT INTO LOCATION (id, city, state, state_code, zip_code)
VALUES (14, 'Los Angeles', 'California', 'CA', '90301');
INSERT INTO LOCATION (id, city, state, state_code, zip_code)
VALUES (15, 'Las Vegas', 'Nevada', 'NV', '89101');
INSERT INTO LOCATION (id, city, state, state_code, zip_code)
VALUES (16, 'Denver', 'Colorado', 'CO', '80014');
INSERT INTO LOCATION (id, city, state, state_code, zip_code)
VALUES (17, 'Minneapolis', 'Minnesota', 'MN', '55415');
INSERT INTO LOCATION (id, city, state, state_code, zip_code)
VALUES (18, 'Green Bay', 'Wisconsin', 'WI', '54304');
INSERT INTO LOCATION (id, city, state, state_code, zip_code)
VALUES (19, 'Detroit', 'Michigan', 'MI', '48226');
INSERT INTO LOCATION (id, city, state, state_code, zip_code)
VALUES (20, 'Chicago', 'Illinois', 'IL', '60605');
INSERT INTO LOCATION (id, city, state, state_code, zip_code)
VALUES (21, 'Tampa Bay', 'Florida', 'FL', '33607');
INSERT INTO LOCATION (id, city, state, state_code, zip_code)
VALUES (22, 'Charlotte', 'North Carolina', 'NC', '28202');
INSERT INTO LOCATION (id, city, state, state_code, zip_code)
VALUES (23, 'New Orleans', 'Louisiana', 'LA', '70112');
INSERT INTO LOCATION (id, city, state, state_code, zip_code)
VALUES (24, 'Atlanta', 'Georgia', 'GA', '30313');
INSERT INTO LOCATION (id, city, state, state_code, zip_code)
VALUES (25, 'Philadelphia', 'Pennsylvania', 'PA', '19148');
INSERT INTO LOCATION (id, city, state, state_code, zip_code)
VALUES (26, 'Dallas', 'Texas', 'TX', '76011');
INSERT INTO LOCATION (id, city, state, state_code, zip_code)
VALUES (27, 'North Englewood', 'Maryland', 'MD', '20785');
INSERT INTO LOCATION (id, city, state, state_code, zip_code)
VALUES (28, 'Santa Clara', 'California', 'CA', '95054');
INSERT INTO LOCATION (id, city, state, state_code, zip_code)
VALUES (29, 'Seattle', 'Washington', 'WA', '98134');
INSERT INTO LOCATION (id, city, state, state_code, zip_code)
VALUES (30, 'Glendale', 'Arizona', 'AZ', '85305');

INSERT INTO TEAM (id, prefix, name, established_date, fight_song, mascot, location_id, head_coach_id)
VALUES (1, 'Cincinnati', 'Bengals', '1967-05-23', 'The Bengals Growl', 'Who Dey', 1, 1);
INSERT INTO TEAM (id, prefix, name, established_date, fight_song, mascot, location_id, head_coach_id)
VALUES (2, 'Baltimore', 'Ravens', '1996-02-14', 'Fight for Old Baltimore', 'Poe', 2, 2);
INSERT INTO TEAM (id, prefix, name, established_date, fight_song, mascot, location_id, head_coach_id)
VALUES (3, 'Pittsburgh', 'Steelers', '1933-07-08', 'Renegade', 'Steely McBeam', 3, 3);
INSERT INTO TEAM (id, prefix, name, established_date, fight_song, mascot, location_id, head_coach_id)
VALUES (4, 'Cleveland', 'Browns', '1944-06-04', 'Hi-O-Hi-O', 'Brownie the Elf', 4, 4);
INSERT INTO TEAM (id, prefix, name, established_date, mascot, location_id, head_coach_id)
VALUES (5, 'Jacksonville', 'Jaguars', '1993-11-30', 'Jaxson de Ville', 5, 5);
INSERT INTO TEAM (id, prefix,  name, established_date, mascot, location_id, head_coach_id)
VALUES (6, 'Tennessee', 'Titans', '1959-08-14', 'T-Rac', 6, 6);
INSERT INTO TEAM (id, prefix, name, established_date, mascot, location_id, head_coach_id)
VALUES (7, 'Indianapolis', 'Colts', '1953-01-23', 'Blue', 7, 7);
INSERT INTO TEAM (id, prefix, name, established_date, mascot, location_id, head_coach_id)
VALUES (8, 'Houston', 'Texans', '1999-10-06', 'Toro', 8, 8);
INSERT INTO TEAM (id, prefix, name, established_date, fight_song, mascot, location_id, head_coach_id)
VALUES (9, 'Buffalo', 'Bills', '1959-10-28', 'Shout','Billy Buffalo', 9, 9);
INSERT INTO TEAM (id, prefix, name, established_date, fight_song, mascot, location_id, head_coach_id)
VALUES (10, 'Miami', 'Dolphins', '1965-08-16', 'Miami Dolphins #1', 'T.D', 10, 10);
INSERT INTO TEAM (id, prefix, name, established_date, fight_song, mascot, location_id, head_coach_id)
VALUES (11, 'New England', 'Patriots', '1959-11-16', 'I''m Shipping Up To Boston', 'Pat Patriot', 11, 11);
INSERT INTO TEAM (id, prefix, name, established_date, fight_song, location_id, head_coach_id)
VALUES (12, 'New York', 'Jets', '1959-08-14', 'Jets Roll With It', 12, 12);
INSERT INTO TEAM (id, prefix, name, established_date, mascot, location_id, head_coach_id)
VALUES (13, 'Kansas City', 'Chiefs', '1959-08-14', 'K.C Wolf', 13, 13);
INSERT INTO TEAM (id, prefix, name, established_date, location_id, head_coach_id)
VALUES (14, 'Los Angeles', 'Chargers', '1959-08-14', 14, 14);
INSERT INTO TEAM (id, prefix, name, established_date, fight_song, mascot, location_id, head_coach_id)
VALUES (15, 'Las Vegas', 'Raiders', '1960-01-30', 'The Autumn Wind', 'Raider Rusher', 15, 15);
INSERT INTO TEAM (id, prefix, name, established_date, mascot, location_id, head_coach_id)
VALUES (16, 'Denver', 'Broncos', '1959-08-14', 'Miles', 16, 16);
INSERT INTO TEAM (id, prefix, name, established_date, fight_song, mascot, location_id, head_coach_id)
VALUES (17, 'Minnesota', 'Vikings', '1960-01-28', 'Skol, Vikings', 'Victor the Viking', 17, 17);
INSERT INTO TEAM (id, prefix, name, established_date, fight_song, location_id, head_coach_id)
VALUES (18, 'Green Bay', 'Packers', '1919-08-11', 'Go! You Packers Go', 18, 18);
INSERT INTO TEAM (id, prefix, name, established_date, fight_song, mascot, location_id, head_coach_id)
VALUES (19, 'Detroit', 'Lions', '1930-07-12', 'Gridiron Heroes', 'Roary the Lion', 19, 19);
INSERT INTO TEAM (id, prefix, name, established_date, fight_song, mascot, location_id, head_coach_id)
VALUES (20, 'Chicago', 'Bears', '1920-09-17', 'Bear Down, Chicago Bears', 'Staley Da Bear', 20, 20);
INSERT INTO TEAM (id, prefix, name, established_date, fight_song, mascot, location_id, head_coach_id)
VALUES (21, 'Tampa Bay', 'Buccaneers', '1974-04-24', 'Hey! Hey! Tampa Bay!', 'Captain Fear', 21, 21);
INSERT INTO TEAM (id, prefix, name, established_date, mascot, location_id, head_coach_id)
VALUES (22, 'Carolina', 'Panthers', '1993-10-26', 'Sir Purr', 22, 22);
INSERT INTO TEAM (id, prefix, name, established_date, fight_song, mascot, location_id, head_coach_id)
VALUES (23, 'New Orleans', 'Saints', '1966-11-01', 'When the Saints Go Marching In', 'Gumbo', 23, 23);
INSERT INTO TEAM (id, prefix, name, established_date, mascot, location_id, head_coach_id)
VALUES (24, 'Atlanta', 'Falcons', '1965-06-30', 'Freddie Falcon', 24, 24);
INSERT INTO TEAM (id, prefix, name, established_date, fight_song, mascot, location_id, head_coach_id)
VALUES (25, 'Philadelphia', 'Eagles', '1933-07-08', 'Fly, Eagles Fly', 'Swoop', 25, 25);
INSERT INTO TEAM (id, prefix, name, established_date, fight_song, mascot, location_id, head_coach_id)
VALUES (26, 'Dallas', 'Cowboys', '1960-01-28', 'Cowboys Stampede March', 'Rowdy', 26, 26);
INSERT INTO TEAM (id, prefix, name, established_date, location_id, head_coach_id)
VALUES (27, 'New York', 'Giants', '1925-08-01', 12, 27);
INSERT INTO TEAM (id, prefix, name, established_date, fight_song, mascot, location_id, head_coach_id)
VALUES (28, 'Washington', 'Commanders', '1932-07-09', 'Hail to the Commanders', 'Major Tuddy', 27, 28);
INSERT INTO TEAM (id, prefix, name, established_date, mascot, location_id, head_coach_id)
VALUES (29, 'San Fransisco', '49ers', '1944-06-04', 'Sourdough Sam', 28, 29);
INSERT INTO TEAM (id, prefix, name, established_date, mascot, location_id, head_coach_id)
VALUES (30, 'Seattle', 'Seahawks', '1974-06-04', 'Blitz', 29, 30);
INSERT INTO TEAM (id, prefix, name, established_date, mascot, location_id, head_coach_id)
VALUES (31, 'Los Angeles', 'Rams', '1936-01-01', 'Rampage', 14, 31);
INSERT INTO TEAM (id, prefix, name, established_date, mascot, location_id, head_coach_id)
VALUES (32, 'Arizona', 'Cardinals', '1898-01-01', 'Big Red', 30, 32);

INSERT INTO TEAM_COLORS (team_id, colors_id)
VALUES  (1, 1);
INSERT INTO TEAM_COLORS (team_id, colors_id)
VALUES  (1, 2);
INSERT INTO TEAM_COLORS (team_id, colors_id)
VALUES  (1, 3);
INSERT INTO TEAM_COLORS (team_id, colors_id)
VALUES  (2, 2);
INSERT INTO TEAM_COLORS (team_id, colors_id)
VALUES  (2, 6);
INSERT INTO TEAM_COLORS (team_id, colors_id)
VALUES  (2, 7);
INSERT INTO TEAM_COLORS (team_id, colors_id)
VALUES  (3, 2);
INSERT INTO TEAM_COLORS (team_id, colors_id)
VALUES  (3, 8);
INSERT INTO TEAM_COLORS (team_id, colors_id)
VALUES  (4, 1);
INSERT INTO TEAM_COLORS (team_id, colors_id)
VALUES  (4, 3);
INSERT INTO TEAM_COLORS (team_id, colors_id)
VALUES  (4, 9);
INSERT INTO TEAM_COLORS (team_id, colors_id)
VALUES  (5, 2);
INSERT INTO TEAM_COLORS (team_id, colors_id)
VALUES  (5, 10);
INSERT INTO TEAM_COLORS (team_id, colors_id)
VALUES  (5, 11);
INSERT INTO TEAM_COLORS (team_id, colors_id)
VALUES  (6, 12);
INSERT INTO TEAM_COLORS (team_id, colors_id)
VALUES  (6, 13);
INSERT INTO TEAM_COLORS (team_id, colors_id)
VALUES  (6, 14);
INSERT INTO TEAM_COLORS (team_id, colors_id)
VALUES  (6, 3);
INSERT INTO TEAM_COLORS (team_id, colors_id)
VALUES  (6, 4);
INSERT INTO TEAM_COLORS (team_id, colors_id)
VALUES  (7, 15);
INSERT INTO TEAM_COLORS (team_id, colors_id)
VALUES  (7, 16);
INSERT INTO TEAM_COLORS (team_id, colors_id)
VALUES  (7, 2);
INSERT INTO TEAM_COLORS (team_id, colors_id)
VALUES  (7, 3);
INSERT INTO TEAM_COLORS (team_id, colors_id)
VALUES  (8, 3);
INSERT INTO TEAM_COLORS (team_id, colors_id)
VALUES  (8, 17);
INSERT INTO TEAM_COLORS (team_id, colors_id)
VALUES  (8, 18);
INSERT INTO TEAM_COLORS (team_id, colors_id)
VALUES  (9, 3);
INSERT INTO TEAM_COLORS (team_id, colors_id)
VALUES  (9, 4);
INSERT INTO TEAM_COLORS (team_id, colors_id)
VALUES  (9, 12);
INSERT INTO TEAM_COLORS (team_id, colors_id)
VALUES  (9, 19);
INSERT INTO TEAM_COLORS (team_id, colors_id)
VALUES  (10, 1);
INSERT INTO TEAM_COLORS (team_id, colors_id)
VALUES  (10, 3);
INSERT INTO TEAM_COLORS (team_id, colors_id)
VALUES  (10, 20);
INSERT INTO TEAM_COLORS (team_id, colors_id)
VALUES  (10, 21);
INSERT INTO TEAM_COLORS (team_id, colors_id)
VALUES  (11, 3);
INSERT INTO TEAM_COLORS (team_id, colors_id)
VALUES  (11, 4);
INSERT INTO TEAM_COLORS (team_id, colors_id)
VALUES  (11, 22);
INSERT INTO TEAM_COLORS (team_id, colors_id)
VALUES  (11, 23);
INSERT INTO TEAM_COLORS (team_id, colors_id)
VALUES  (12, 2);
INSERT INTO TEAM_COLORS (team_id, colors_id)
VALUES  (12, 3);
INSERT INTO TEAM_COLORS (team_id, colors_id)
VALUES  (12, 24);
INSERT INTO TEAM_COLORS (team_id, colors_id)
VALUES  (13, 3);
INSERT INTO TEAM_COLORS (team_id, colors_id)
VALUES  (13, 4);
INSERT INTO TEAM_COLORS (team_id, colors_id)
VALUES  (13, 8);
INSERT INTO TEAM_COLORS (team_id, colors_id)
VALUES  (14, 3);
INSERT INTO TEAM_COLORS (team_id, colors_id)
VALUES  (14, 25);
INSERT INTO TEAM_COLORS (team_id, colors_id)
VALUES  (14, 26);
INSERT INTO TEAM_COLORS (team_id, colors_id)
VALUES  (15, 2);
INSERT INTO TEAM_COLORS (team_id, colors_id)
VALUES  (15, 14);
INSERT INTO TEAM_COLORS (team_id, colors_id)
VALUES  (16, 1);
INSERT INTO TEAM_COLORS (team_id, colors_id)
VALUES  (16, 3);
INSERT INTO TEAM_COLORS (team_id, colors_id)
VALUES  (16, 12);
INSERT INTO TEAM_COLORS (team_id, colors_id)
VALUES  (17, 3);
INSERT INTO TEAM_COLORS (team_id, colors_id)
VALUES  (17, 6);
INSERT INTO TEAM_COLORS (team_id, colors_id)
VALUES  (17, 8);
INSERT INTO TEAM_COLORS (team_id, colors_id)
VALUES  (18, 3);
INSERT INTO TEAM_COLORS (team_id, colors_id)
VALUES  (18, 8);
INSERT INTO TEAM_COLORS (team_id, colors_id)
VALUES  (18, 27);
INSERT INTO TEAM_COLORS (team_id, colors_id)
VALUES  (19, 14);
INSERT INTO TEAM_COLORS (team_id, colors_id)
VALUES  (19, 28);
INSERT INTO TEAM_COLORS (team_id, colors_id)
VALUES  (20, 3);
INSERT INTO TEAM_COLORS (team_id, colors_id)
VALUES  (20, 12);
INSERT INTO TEAM_COLORS (team_id, colors_id)
VALUES  (20, 29);
INSERT INTO TEAM_COLORS (team_id, colors_id)
VALUES  (21, 1);
INSERT INTO TEAM_COLORS (team_id, colors_id)
VALUES  (21, 2);
INSERT INTO TEAM_COLORS (team_id, colors_id)
VALUES  (21, 30);
INSERT INTO TEAM_COLORS (team_id, colors_id)
VALUES  (21, 31);
INSERT INTO TEAM_COLORS (team_id, colors_id)
VALUES  (22, 2);
INSERT INTO TEAM_COLORS (team_id, colors_id)
VALUES  (22, 14);
INSERT INTO TEAM_COLORS (team_id, colors_id)
VALUES  (22, 32);
INSERT INTO TEAM_COLORS (team_id, colors_id)
VALUES  (23, 2);
INSERT INTO TEAM_COLORS (team_id, colors_id)
VALUES  (23, 3);
INSERT INTO TEAM_COLORS (team_id, colors_id)
VALUES  (23, 33);
INSERT INTO TEAM_COLORS (team_id, colors_id)
VALUES  (24, 2);
INSERT INTO TEAM_COLORS (team_id, colors_id)
VALUES  (24, 3);
INSERT INTO TEAM_COLORS (team_id, colors_id)
VALUES  (24, 4);
INSERT INTO TEAM_COLORS (team_id, colors_id)
VALUES  (24, 14);
INSERT INTO TEAM_COLORS (team_id, colors_id)
VALUES  (25, 2);
INSERT INTO TEAM_COLORS (team_id, colors_id)
VALUES  (25, 3);
INSERT INTO TEAM_COLORS (team_id, colors_id)
VALUES  (25, 14);
INSERT INTO TEAM_COLORS (team_id, colors_id)
VALUES  (25, 34);
INSERT INTO TEAM_COLORS (team_id, colors_id)
VALUES  (26, 3);
INSERT INTO TEAM_COLORS (team_id, colors_id)
VALUES  (26, 12);
INSERT INTO TEAM_COLORS (team_id, colors_id)
VALUES  (26, 19);
INSERT INTO TEAM_COLORS (team_id, colors_id)
VALUES  (26, 35);
INSERT INTO TEAM_COLORS (team_id, colors_id)
VALUES  (27, 3);
INSERT INTO TEAM_COLORS (team_id, colors_id)
VALUES  (27, 4);
INSERT INTO TEAM_COLORS (team_id, colors_id)
VALUES  (27, 5);
INSERT INTO TEAM_COLORS (team_id, colors_id)
VALUES  (28, 3);
INSERT INTO TEAM_COLORS (team_id, colors_id)
VALUES  (28, 8);
INSERT INTO TEAM_COLORS (team_id, colors_id)
VALUES  (28, 36);
INSERT INTO TEAM_COLORS (team_id, colors_id)
VALUES  (29, 3);
INSERT INTO TEAM_COLORS (team_id, colors_id)
VALUES  (29, 4);
INSERT INTO TEAM_COLORS (team_id, colors_id)
VALUES  (29, 10);
INSERT INTO TEAM_COLORS (team_id, colors_id)
VALUES  (30, 37);
INSERT INTO TEAM_COLORS (team_id, colors_id)
VALUES  (30, 38);
INSERT INTO TEAM_COLORS (team_id, colors_id)
VALUES  (30, 35);
INSERT INTO TEAM_COLORS (team_id, colors_id)
VALUES  (31, 8);
INSERT INTO TEAM_COLORS (team_id, colors_id)
VALUES  (31, 19);
INSERT INTO TEAM_COLORS (team_id, colors_id)
VALUES  (32, 2);
INSERT INTO TEAM_COLORS (team_id, colors_id)
VALUES  (32, 3);
INSERT INTO TEAM_COLORS (team_id, colors_id)
VALUES  (32, 40);

INSERT INTO TEAM_STADIUM (team_id, stadium_id, from_date, to_date)
VALUES (1, 1, '1968-01-01', '1969-01-01');
INSERT INTO TEAM_STADIUM (team_id, stadium_id, from_date, to_date)
VALUES (1, 2, '1970-01-01', '1999-01-01');
INSERT INTO TEAM_STADIUM (team_id, stadium_id, from_date)
VALUES (1, 3, '2000-01-01');
INSERT INTO TEAM_STADIUM (team_id, stadium_id, from_date, to_date)
VALUES (2, 4, '1996-01-01', '1997-01-01');
INSERT INTO TEAM_STADIUM (team_id, stadium_id, from_date)
VALUES (2, 5, '1998-01-01');
INSERT INTO TEAM_STADIUM (team_id, stadium_id, from_date, to_date)
VALUES (3, 6, '1933-01-01', '1963-01-01');
INSERT INTO TEAM_STADIUM (team_id, stadium_id, from_date, to_date)
VALUES (3, 7, '1958-01-01', '1969-01-01');
INSERT INTO TEAM_STADIUM (team_id, stadium_id, from_date, to_date)
VALUES (3, 8, '1970-01-01', '2000-01-01');
INSERT INTO TEAM_STADIUM (team_id, stadium_id, from_date)
VALUES (3, 9, '2001-01-01');
INSERT INTO TEAM_STADIUM (team_id, stadium_id, from_date, to_date)
VALUES (4, 10, '1946-01-01', '1995-01-01');
INSERT INTO TEAM_STADIUM (team_id, stadium_id, from_date)
VALUES (4, 11, '1999-01-01');
INSERT INTO TEAM_STADIUM (team_id, stadium_id, from_date)
VALUES (5, 12, '1995-01-01');
INSERT INTO TEAM_STADIUM (team_id, stadium_id, from_date)
VALUES (6, 13, '1999-01-01');
INSERT INTO TEAM_STADIUM (team_id, stadium_id, from_date, to_date)
VALUES (7, 4, '1953-01-01', '1983-01-01');
INSERT INTO TEAM_STADIUM (team_id, stadium_id, from_date, to_date)
VALUES (7, 14, '1984-01-01', '2007-01-01');
INSERT INTO TEAM_STADIUM (team_id, stadium_id, from_date)
VALUES (7, 15, '2008-01-01');
INSERT INTO TEAM_STADIUM (team_id, stadium_id, from_date)
VALUES (8, 16, '2002-01-01');
INSERT INTO TEAM_STADIUM (team_id, stadium_id, from_date, to_date)
VALUES (9, 17, '1960-01-01', '1972-01-01');
INSERT INTO TEAM_STADIUM (team_id, stadium_id, from_date)
VALUES (9, 18, '1973-01-01');
INSERT INTO TEAM_STADIUM (team_id, stadium_id, from_date, to_date)
VALUES (10, 19, '1966-01-01', '1986-01-01');
INSERT INTO TEAM_STADIUM (team_id, stadium_id, from_date)
VALUES (10, 20, '1987-01-01');
INSERT INTO TEAM_STADIUM (team_id, stadium_id, from_date, to_date)
VALUES (11, 21, '1960-01-01', '1962-01-01');
INSERT INTO TEAM_STADIUM (team_id, stadium_id, from_date, to_date)
VALUES (11, 22, '1963-01-01', '1968-01-01');
INSERT INTO TEAM_STADIUM (team_id, stadium_id, from_date, to_date)
VALUES (11, 23, '1969-01-01', '1969-01-01');
INSERT INTO TEAM_STADIUM (team_id, stadium_id, from_date, to_date)
VALUES (11, 24, '1970-01-01', '1970-01-01');
INSERT INTO TEAM_STADIUM (team_id, stadium_id, from_date, to_date)
VALUES (11, 25, '1971-01-01', '2001-01-01');
INSERT INTO TEAM_STADIUM (team_id, stadium_id, from_date)
VALUES (11, 26, '2002-01-01');
INSERT INTO TEAM_STADIUM (team_id, stadium_id, from_date, to_date)
VALUES (12, 27, '1960-01-01', '1963-01-01');
INSERT INTO TEAM_STADIUM (team_id, stadium_id, from_date, to_date)
VALUES (12, 28, '1964-01-01', '1983-01-01');
INSERT INTO TEAM_STADIUM (team_id, stadium_id, from_date, to_date)
VALUES (12, 29, '1984-01-01', '2009-01-01');
INSERT INTO TEAM_STADIUM (team_id, stadium_id, from_date)
VALUES (12, 30, '2010-01-01');
INSERT INTO TEAM_STADIUM (team_id, stadium_id, from_date, to_date)
VALUES (13, 31, '1960-01-01', '1962-01-01');
INSERT INTO TEAM_STADIUM (team_id, stadium_id, from_date, to_date)
VALUES (13, 32, '1963-01-01', '1971-01-01');
INSERT INTO TEAM_STADIUM (team_id, stadium_id, from_date)
VALUES (13, 33, '1972-01-01');
INSERT INTO TEAM_STADIUM (team_id, stadium_id, from_date, to_date)
VALUES (14, 34, '1960-01-01', '1960-01-01');
INSERT INTO TEAM_STADIUM (team_id, stadium_id, from_date, to_date)
VALUES (14, 35, '1961-01-01', '1966-01-01');
INSERT INTO TEAM_STADIUM (team_id, stadium_id, from_date, to_date)
VALUES (14, 36, '1967-01-01', '2016-01-01');
INSERT INTO TEAM_STADIUM (team_id, stadium_id, from_date, to_date)
VALUES (14, 37, '2003-01-01', '2003-01-01');
INSERT INTO TEAM_STADIUM (team_id, stadium_id, from_date, to_date)
VALUES (14, 38, '2017-01-01', '2019-01-01');
INSERT INTO TEAM_STADIUM (team_id, stadium_id, from_date)
VALUES (14, 39, '2020-01-01');
INSERT INTO TEAM_STADIUM (team_id, stadium_id, from_date, to_date)
VALUES (15, 40, '1960-01-01', '1960-01-01');
INSERT INTO TEAM_STADIUM (team_id, stadium_id, from_date, to_date)
VALUES (15, 41, '1961-01-01', '1961-01-01');
INSERT INTO TEAM_STADIUM (team_id, stadium_id, from_date, to_date)
VALUES (15, 42, '1962-01-01', '1965-01-01');
INSERT INTO TEAM_STADIUM (team_id, stadium_id, from_date, to_date)
VALUES (15, 43, '1966-01-01', '1981-01-01');
INSERT INTO TEAM_STADIUM (team_id, stadium_id, from_date, to_date)
VALUES (15, 43, '1995-01-01', '2019-01-01');
INSERT INTO TEAM_STADIUM (team_id, stadium_id, from_date, to_date)
VALUES (15, 34, '1982-01-01', '1994-01-01');
INSERT INTO TEAM_STADIUM (team_id, stadium_id, from_date)
VALUES (15, 44, '2020-01-01');
INSERT INTO TEAM_STADIUM (team_id, stadium_id, from_date, to_date)
VALUES (16, 45, '1960-01-01', '1960-01-01');
INSERT INTO TEAM_STADIUM (team_id, stadium_id, from_date, to_date)
VALUES (16, 46, '1960-01-01', '2000-01-01');
INSERT INTO TEAM_STADIUM (team_id, stadium_id, from_date)
VALUES (16, 47, '2001-01-01');
INSERT INTO TEAM_STADIUM (team_id, stadium_id, from_date, to_date)
VALUES (17, 48, '1961-01-01', '1981-01-01');
INSERT INTO TEAM_STADIUM (team_id, stadium_id, from_date, to_date)
VALUES (17, 49, '1982-01-01', '2013-01-01');
INSERT INTO TEAM_STADIUM (team_id, stadium_id, from_date, to_date)
VALUES (17, 50, '2014-01-01', '2015-01-01');
INSERT INTO TEAM_STADIUM (team_id, stadium_id, from_date)
VALUES (17, 51, '2016-01-01');
INSERT INTO TEAM_STADIUM (team_id, stadium_id, from_date, to_date)
VALUES (18, 52, '1919-01-01', '1922-01-01');
INSERT INTO TEAM_STADIUM (team_id, stadium_id, from_date, to_date)
VALUES (18, 53, '1923-01-01', '1924-01-01');
INSERT INTO TEAM_STADIUM (team_id, stadium_id, from_date, to_date)
VALUES (18, 54, '1925-01-01', '1956-01-01');
INSERT INTO TEAM_STADIUM (team_id, stadium_id, from_date, to_date)
VALUES (18, 55, '1933-01-01', '1933-01-01');
INSERT INTO TEAM_STADIUM (team_id, stadium_id, from_date, to_date)
VALUES (18, 56, '1934-01-01', '1951-01-01');
INSERT INTO TEAM_STADIUM (team_id, stadium_id, from_date, to_date)
VALUES (18, 57, '1952-01-01', '1952-01-01');
INSERT INTO TEAM_STADIUM (team_id, stadium_id, from_date, to_date)
VALUES (18, 58, '1953-01-01', '1994-01-01');
INSERT INTO TEAM_STADIUM (team_id, stadium_id, from_date)
VALUES (18, 59, '1957-01-01');
INSERT INTO TEAM_STADIUM (team_id, stadium_id, from_date, to_date)
VALUES (19, 60, '1930-01-01', '1933-01-01');
INSERT INTO TEAM_STADIUM (team_id, stadium_id, from_date, to_date)
VALUES (19, 61, '1934-01-01', '1940-01-01');
INSERT INTO TEAM_STADIUM (team_id, stadium_id, from_date, to_date)
VALUES (19, 62, '1938-01-01', '1939-01-01');
INSERT INTO TEAM_STADIUM (team_id, stadium_id, from_date, to_date)
VALUES (19, 62, '1941-01-01', '1974-01-01');
INSERT INTO TEAM_STADIUM (team_id, stadium_id, from_date, to_date)
VALUES (19, 63, '1975-01-01', '2001-01-01');
INSERT INTO TEAM_STADIUM (team_id, stadium_id, from_date)
VALUES (19, 64, '2002-01-01');
INSERT INTO TEAM_STADIUM (team_id, stadium_id, from_date, to_date)
VALUES (20, 65, '1919-01-01', '1920-01-01');
INSERT INTO TEAM_STADIUM (team_id, stadium_id, from_date, to_date)
VALUES (20, 66, '1921-01-01', '1970-01-01');
INSERT INTO TEAM_STADIUM (team_id, stadium_id, from_date, to_date)
VALUES (20, 67, '1971-01-01', '2001-01-01');
INSERT INTO TEAM_STADIUM (team_id, stadium_id, from_date)
VALUES (20, 67, '2003-01-01');
INSERT INTO TEAM_STADIUM (team_id, stadium_id, from_date, to_date)
VALUES (21, 68, '1976-01-01', '1997-01-01');
INSERT INTO TEAM_STADIUM (team_id, stadium_id, from_date)
VALUES (21, 69, '1998-01-01');
INSERT INTO TEAM_STADIUM (team_id, stadium_id, from_date, to_date)
VALUES (22, 70, '1995-01-01', '1995-01-01');
INSERT INTO TEAM_STADIUM (team_id, stadium_id, from_date)
VALUES (22, 71, '1996-01-01');
INSERT INTO TEAM_STADIUM (team_id, stadium_id, from_date, to_date)
VALUES (23, 72, '1967-01-01', '1974-01-01');
INSERT INTO TEAM_STADIUM (team_id, stadium_id, from_date)
VALUES (23, 73, '1975-01-01');
INSERT INTO TEAM_STADIUM (team_id, stadium_id, from_date, to_date)
VALUES (24, 74, '1966-01-01', '1991-01-01');
INSERT INTO TEAM_STADIUM (team_id, stadium_id, from_date, to_date)
VALUES (24, 75, '1992-01-01', '2016-01-01');
INSERT INTO TEAM_STADIUM (team_id, stadium_id, from_date)
VALUES (24, 76, '2017-01-01');
INSERT INTO TEAM_STADIUM (team_id, stadium_id, from_date, to_date)
VALUES (25, 77, '1933-01-01', '1995-01-01');
INSERT INTO TEAM_STADIUM (team_id, stadium_id, from_date, to_date)
VALUES (25, 78, '1936-01-01', '1939-01-01');
INSERT INTO TEAM_STADIUM (team_id, stadium_id, from_date, to_date)
VALUES (25, 78, '1941-01-01', '1941-01-01');
INSERT INTO TEAM_STADIUM (team_id, stadium_id, from_date, to_date)
VALUES (25, 79, '1940-01-01', '1940-01-01');
INSERT INTO TEAM_STADIUM (team_id, stadium_id, from_date, to_date)
VALUES (25, 79, '1942-01-01', '1957-01-01');
INSERT INTO TEAM_STADIUM (team_id, stadium_id, from_date, to_date)
VALUES (25, 80, '1958-01-01', '1970-01-01');
INSERT INTO TEAM_STADIUM (team_id, stadium_id, from_date, to_date)
VALUES (25, 81, '1971-01-01', '2002-01-01');
INSERT INTO TEAM_STADIUM (team_id, stadium_id, from_date)
VALUES (25, 82, '2003-01-01');
INSERT INTO TEAM_STADIUM (team_id, stadium_id, from_date, to_date)
VALUES (26, 31, '1960-01-01', '1971-01-01');
INSERT INTO TEAM_STADIUM (team_id, stadium_id, from_date, to_date)
VALUES (26, 83, '1971-01-01', '2008-01-01');
INSERT INTO TEAM_STADIUM (team_id, stadium_id, from_date)
VALUES (26, 84, '2009-01-01');
INSERT INTO TEAM_STADIUM (team_id, stadium_id, from_date, to_date)
VALUES (27, 27, '1925-01-01', '1955-01-01');
INSERT INTO TEAM_STADIUM (team_id, stadium_id, from_date, to_date)
VALUES (27, 85, '1956-01-01', '1973-01-01');
INSERT INTO TEAM_STADIUM (team_id, stadium_id, from_date, to_date)
VALUES (27, 86, '1973-01-01', '1974-01-01');
INSERT INTO TEAM_STADIUM (team_id, stadium_id, from_date, to_date)
VALUES (27, 28, '1975-01-01', '1975-01-01');
INSERT INTO TEAM_STADIUM (team_id, stadium_id, from_date, to_date)
VALUES (27, 87, '1976-01-01', '2009-01-01');
INSERT INTO TEAM_STADIUM (team_id, stadium_id, from_date)
VALUES (27, 30, '2010-01-01');
INSERT INTO TEAM_STADIUM (team_id, stadium_id, from_date, to_date)
VALUES (28, 88, '1932-01-01', '1932-01-01');
INSERT INTO TEAM_STADIUM (team_id, stadium_id, from_date, to_date)
VALUES (28, 22, '1933-01-01', '1936-01-01');
INSERT INTO TEAM_STADIUM (team_id, stadium_id, from_date, to_date)
VALUES (28, 89, '1937-01-01', '1960-01-01');
INSERT INTO TEAM_STADIUM (team_id, stadium_id, from_date, to_date)
VALUES (28, 90, '1961-01-01', '1996-01-01');
INSERT INTO TEAM_STADIUM (team_id, stadium_id, from_date)
VALUES (28, 91, '1997-01-01');
INSERT INTO TEAM_STADIUM (team_id, stadium_id, from_date, to_date)
VALUES (29, 92, '1946-01-01', '1970-01-01');
INSERT INTO TEAM_STADIUM (team_id, stadium_id, from_date, to_date)
VALUES (29, 41, '1971-01-01', '2013-01-01');
INSERT INTO TEAM_STADIUM (team_id, stadium_id, from_date)
VALUES (29, 93, '2014-01-01');
INSERT INTO TEAM_STADIUM (team_id, stadium_id, from_date, to_date)
VALUES (30, 94, '1976-01-01', '1999-01-01');
INSERT INTO TEAM_STADIUM (team_id, stadium_id, from_date, to_date)
VALUES (30, 95, '2000-01-01', '2001-01-01');
INSERT INTO TEAM_STADIUM (team_id, stadium_id, from_date)
VALUES (30, 96, '2002-01-01');
INSERT INTO TEAM_STADIUM (team_id, stadium_id, from_date, to_date)
VALUES (31, 10, '1936-01-01', '1937-01-01');
INSERT INTO TEAM_STADIUM (team_id, stadium_id, from_date, to_date)
VALUES (31, 10, '1939-01-01', '1941-01-01');
INSERT INTO TEAM_STADIUM (team_id, stadium_id, from_date, to_date)
VALUES (31, 97, '1937-01-01', '1937-01-01');
INSERT INTO TEAM_STADIUM (team_id, stadium_id, from_date, to_date)
VALUES (31, 97, '1942-01-01', '1942-01-01');
INSERT INTO TEAM_STADIUM (team_id, stadium_id, from_date, to_date)
VALUES (31, 97, '1944-01-01', '1945-01-01');
INSERT INTO TEAM_STADIUM (team_id, stadium_id, from_date, to_date)
VALUES (31, 98, '1938-01-01', '1938-01-01');
INSERT INTO TEAM_STADIUM (team_id, stadium_id, from_date, to_date)
VALUES (31, 34, '1946-01-01', '1979-01-01');
INSERT INTO TEAM_STADIUM (team_id, stadium_id, from_date, to_date)
VALUES (31, 34, '2016-01-01', '2019-01-01');
INSERT INTO TEAM_STADIUM (team_id, stadium_id, from_date, to_date)
VALUES (31, 99, '1980-01-01', '1994-01-01');
INSERT INTO TEAM_STADIUM (team_id, stadium_id, from_date, to_date)
VALUES (31, 100, '1995-01-01', '2015-01-01');
INSERT INTO TEAM_STADIUM (team_id, stadium_id, from_date)
VALUES (31, 101, '2020-01-01');
INSERT INTO TEAM_STADIUM (team_id, stadium_id, from_date, to_date)
VALUES (32, 102, '1920-01-01', '1921-01-01');
INSERT INTO TEAM_STADIUM (team_id, stadium_id, from_date, to_date)
VALUES (32, 102, '1926-01-01', '1928-01-01');
INSERT INTO TEAM_STADIUM (team_id, stadium_id, from_date, to_date)
VALUES (32, 103, '1922-01-01', '1925-01-01');
INSERT INTO TEAM_STADIUM (team_id, stadium_id, from_date, to_date)
VALUES (32, 103, '1929-01-01', '1930-01-01');
INSERT INTO TEAM_STADIUM (team_id, stadium_id, from_date, to_date)
VALUES (32, 103, '1939-01-01', '1958-01-01');
INSERT INTO TEAM_STADIUM (team_id, stadium_id, from_date, to_date)
VALUES (32, 66, '1931-01-01', '1938-01-01');
INSERT INTO TEAM_STADIUM (team_id, stadium_id, from_date, to_date)
VALUES (32, 104, '1960-01-01', '1965-01-01');
INSERT INTO TEAM_STADIUM (team_id, stadium_id, from_date, to_date)
VALUES (32, 100, '1966-01-01', '1987-01-01');
INSERT INTO TEAM_STADIUM (team_id, stadium_id, from_date, to_date)
VALUES (32, 37, '1988-01-01', '2005-01-01');
INSERT INTO TEAM_STADIUM (team_id, stadium_id, from_date)
VALUES (32, 105, '2006-01-01');